id,symbol,mint,mode,status,entrySol,entryPrice,entryAt,exitPrice,exitAt,exitReason,realizedPnlSol,amountTokens
paper-HMJKARkqpNxKfxF6kAayrGCBozcupHX3GrZ8bhvWpump-1782059570702,RET,HMJKARkqpNxKfxF6kAayrGCBozcupHX3GrZ8bhvWpump,paper,closed,0.02376,2.21865548131755e-7,1782059570702,1.74117528333449e-7,1782059593747,trailing_stop,-0.00559905261272376,0
paper-GDShNPDh22CpeUruKJ7uxnXEcxptU4dtjFymvorTpump-1782058462259,WCANIME,GDShNPDh22CpeUruKJ7uxnXEcxptU4dtjFymvorTpump,paper,closed,0.02376,2.26280504452271e-7,1782058462259,2.26521246295415e-7,1782058729517,trailing_stop,-0.000594179871306003,0
paper-EZTgySaSt3Skg4NDkZHFaGj6dFST45cNfYgxf1o7pump-1782056871024,T0K,EZTgySaSt3Skg4NDkZHFaGj6dFST45cNfYgxf1o7pump,paper,closed,0.02376,2.24945765262085e-7,1782056871024,1.70228622080459e-7,1782056927101,hard_stop,-0.00624780285017307,0
paper-31mYWYLzSuU16bSsGYVegdM9FmNRBUoVh34Msv9cpump-1782053795457,BUGD,31mYWYLzSuU16bSsGYVegdM9FmNRBUoVh34Msv9cpump,paper,closed,0.02376,1.90812289300177e-7,1782053795457,2.71581458229985e-8,1782053798369,hard_stop,-0.0204663332952811,0
paper-6aEd5P4LhxszBg23vMbBLRScZLdxbGVPDmRVbnfqpump-1782052748562,CLUCK,6aEd5P4LhxszBg23vMbBLRScZLdxbGVPDmRVbnfqpump,paper,closed,0.02376,1.63175735306977e-7,1782052748562,2.60966188185044e-8,1782052848141,hard_stop,-0.0200590387371832,0
paper-78G9nhe8E9xLFwdS6Utc2aSRXjxCkDyYE2tiaKNBpump-1782051247390,Fukumaru,78G9nhe8E9xLFwdS6Utc2aSRXjxCkDyYE2tiaKNBpump,paper,closed,0.02376,1.82487271768592e-7,1782051247390,1.74303035062797e-7,1782051557872,trailing_stop,-0.001656642566337,0
paper-ADPHGyCzSCPJFw3KjjAC8qnfGi5LtvTvVg3Wxi6Fpump-1782047795528,DUCKZ,ADPHGyCzSCPJFw3KjjAC8qnfGi5LtvTvVg3Wxi6Fpump,paper,closed,0.02376,1.71184205216603e-7,1782047795528,1.49507744204241e-7,1782047962955,trailing_stop,-0.00354908973639572,0
paper-6MQCTQf8Mo7pCwvFbdPsWG3L4UoCFy2emcFmNHeWkbSZ-1782047737034,niceh,6MQCTQf8Mo7pCwvFbdPsWG3L4UoCFy2emcFmNHeWkbSZ,paper,closed,0.02376,1.65281347277121e-7,1782047737034,1.55993060188739e-7,1782047826928,trailing_stop,-0.00191926198624748,0
paper-jHe4orope7G2BXMFnzfheDTvF4kzz1avCEu7ohFpump-1782046447593,MOOCTO,jHe4orope7G2BXMFnzfheDTvF4kzz1avCEu7ohFpump,paper,closed,0.02376,1.79864604193749e-7,1782046447593,2.60264379060195e-8,1782046690616,hard_stop,-0.0204114645415059,0
paper-7SbC5RmmqJVbgJk5Ty9Pi1EEVnS9Yszwvy8eL71rpump-1782044078171,Solgames,7SbC5RmmqJVbgJk5Ty9Pi1EEVnS9Yszwvy8eL71rpump,paper,closed,0.02376,1.41828232197071e-7,1782044078171,1.29623163052877e-7,1782044139844,trailing_stop,-0.00261022259410784,0
paper-29mqw9EmRr2yu5U1wUBKbmTNxBxkpCAHrnizLWVKpump-1782023257773,Cucks,29mqw9EmRr2yu5U1wUBKbmTNxBxkpCAHrnizLWVKpump,paper,closed,0.02376,2.0621412010422e-7,1782023257773,1.77268992292716e-7,1782023280699,trailing_stop,-0.00386700139073435,0
paper-CLXzRQZnWW713PX1qheF7VmBeaEznbMaAfVE73zD8fun-1781987300919,BETTERFUN,CLXzRQZnWW713PX1qheF7VmBeaEznbMaAfVE73zD8fun,paper,closed,0.02376,2.68683470671154e-7,1781987300919,4.55829850912765e-8,1781987317124,hard_stop,-0.0198340235640127,0
paper-HRzXDUDnd2ahJt3pbunJujoafFV96vv6A14kvybHpump-1781984315420,IBH,HRzXDUDnd2ahJt3pbunJujoafFV96vv6A14kvybHpump,paper,closed,0.02376,1.71799990422997e-7,1781984315420,1.83032824408981e-7,1781984466530,trailing_stop,0.000894245822624564,0
paper-5vwU2UVEtBFK1hSLehGKmfrT7ww1vreQwvUgSkampump-1781979515338,ROLY,5vwU2UVEtBFK1hSLehGKmfrT7ww1vreQwvUgSkampump,paper,closed,0.02376,1.88918183178493e-7,1781979515338,1.57274921571853e-7,1781979577355,trailing_stop,-0.00449488557933107,0
paper-3AAFzcyNpSL62t565pM98VdJTSn6jLEmgpGoFxhQpump-1781972479623,BLOP,3AAFzcyNpSL62t565pM98VdJTSn6jLEmgpGoFxhQpump,paper,closed,0.02376,1.75215039317191e-7,1781972479623,2.56340951583096e-8,1781972831840,hard_stop,-0.0203744246225143,0
paper-75MEdUeW85kVzQ2RHLNTBYmuBunLD2RUiK8RWGZhsKTs-1781968084996,blackbox,75MEdUeW85kVzQ2RHLNTBYmuBunLD2RUiK8RWGZhsKTs,paper,closed,0.02376,1.14741960264751e-7,1781968084996,8.96904399451189e-8,1781968086830,hard_stop,-0.0056711996686395,0
paper-3u2ttnF2Z4NhgtjieuFNQMcU1s2pYWMQ9nVFTiEmpump-1781965102284,SON,3u2ttnF2Z4NhgtjieuFNQMcU1s2pYWMQ9nVFTiEmpump,paper,closed,0.02376,2.21475909852721e-7,1781965102284,3.13912829744257e-7,1781965582400,time_stop,0.00798082320169543,0
paper-2dRj46dkcrS9yaeWUJNUpCHgb9pDBAwMS4VKUUqapump-1781959160164,WYNN,2dRj46dkcrS9yaeWUJNUpCHgb9pDBAwMS4VKUUqapump,paper,closed,0.02376,2.17231526215407e-7,1781959160164,3.09712658279585e-7,1781959641140,time_stop,0.00802235036620593,0
paper-GcaAmjhhVWKv4UrLaZp3GdKGkkpoeiCi4LNJzFwepump-1781956792432,LOTTO,GcaAmjhhVWKv4UrLaZp3GdKGkkpoeiCi4LNJzFwepump,paper,closed,0.02376,2.22216879516104e-7,1781956792432,2.59763535245053e-7,1781957008472,trailing_stop,0.00576437069088503,0
paper-FjXGHHqPGvainmg8VuQkkzs8nEWiXVgjhSK1A6BVpump-1781950776248,ANSEM,FjXGHHqPGvainmg8VuQkkzs8nEWiXVgjhSK1A6BVpump,paper,closed,0.02376,2.14131990061444e-7,1781950776248,3.07208367039835e-7,1781951256966,time_stop,0.00810228183764135,0
paper-Dud4aYN3adcdPWZiTiVoNBZsZELpD5ZoxdJzPu8Upump-1781950249570,RKC,Dud4aYN3adcdPWZiTiVoNBZsZELpD5ZoxdJzPu8Upump,paper,closed,0.02376,2.23471158855088e-7,1781950249570,2.63528613380788e-8,1781950254750,hard_stop,-0.021031071408404,0
paper-G5aGkMvhMNdzbNhdeC8PEsaHT8mHSBp6Hz9krxhRpump-1781948989588,PIGEON,G5aGkMvhMNdzbNhdeC8PEsaHT8mHSBp6Hz9krxhRpump,paper,closed,0.02376,2.24857823499439e-7,1781948989588,2.9588787217866e-8,1781949160506,hard_stop,-0.0207148756093524,0
paper-DUFJ2JbBJirGkLWxrtExf6rrr54Ypy6SySLgAkVdpump-1781948599853,Franklin,DUFJ2JbBJirGkLWxrtExf6rrr54Ypy6SySLgAkVdpump,paper,closed,0.02376,2.56657155609283e-7,1781948599853,3.71739119406639e-8,1781948644412,hard_stop,-0.0204082565858757,0
paper-EVay4tM2roeMcwQyoTofdSBMUJeUYgZwnrAb6dpVpump-1781943576739,Jotchua,EVay4tM2roeMcwQyoTofdSBMUJeUYgZwnrAb6dpVpump,paper,closed,0.02376,2.21596902443363e-7,1781943576739,3.13318832433203e-7,1781944057032,time_stop,0.00790082107726319,0
paper-QHigH762BWm2PB5KEiehyPVpHbdk8HNfJFX2NAnpump-1781936822596,WFLAG,QHigH762BWm2PB5KEiehyPVpHbdk8HNfJFX2NAnpump,paper,closed,0.02376,1.19419512718242e-7,1781936822596,3.04527472591897e-8,1781936832978,hard_stop,-0.0178588444950612,0
paper-3bBQrzzq9DRXXFfC9nUno9m1MBm9Y7dVnBBK44bVpump-1781929728818,BTL,3bBQrzzq9DRXXFfC9nUno9m1MBm9Y7dVnBBK44bVpump,paper,closed,0.02376,1.57890566852147e-7,1781929728818,1.34525825052e-7,1781929772815,trailing_stop,-0.00404324880479705,0
paper-2y8TRb6VVpRgnmZDsEzzPspGj5SNxskjZbXynqsmpump-1781926713817,DROOL,2y8TRb6VVpRgnmZDsEzzPspGj5SNxskjZbXynqsmpump,paper,closed,0.02376,2.20206013971195e-7,1781926713817,1.7082407737703e-7,1781926733946,hard_stop,-0.00580829165149679,0
paper-8b1k1qTN8TrRPsGS9q6Nbm6QsVb6PxzZMVTCY9oxpump-1781923834971,VERSE,8b1k1qTN8TrRPsGS9q6Nbm6QsVb6PxzZMVTCY9oxpump,paper,closed,0.02376,1.43102072163123e-7,1781923834971,1.11433912340608e-7,1781923877121,hard_stop,-0.00573989439791634,0
paper-9qhzBmwbKmh7PUSrahEMBtQSWyu6KqvxYfmfCZPqpump-1781918208963,Pumpfun,9qhzBmwbKmh7PUSrahEMBtQSWyu6KqvxYfmfCZPqpump,paper,closed,0.02376,1.737485151321e-7,1781918208963,1.09965008694919e-7,1781918245585,hard_stop,-0.00911399132892665,0
paper-6JK1DdCU7eTt6VspgEavWGZxLkyZsa1DYNyG9ztpump-1781912386801,Uranus,6JK1DdCU7eTt6VspgEavWGZxLkyZsa1DYNyG9ztpump,paper,closed,0.02376,2.22203519459173e-7,1781912386801,1.85558520826053e-7,1781912442248,trailing_stop,-0.00443516278503932,0
paper-Hge6oEpZnmMDkMn4GFW3iDYgVuALArRrNvsCW7VRpump-1781909988014,PENGUIN,Hge6oEpZnmMDkMn4GFW3iDYgVuALArRrNvsCW7VRpump,paper,closed,0.02376,1.86654712514475e-7,1781909988014,2.4860419288436e-7,1781910141776,trailing_stop,0.00726210940530129,0
paper-3LzDGqiY7kJA8aa3RpCnvy7UoU7hBz65s1nUXcqAfomo-1781904556853,HYPER,3LzDGqiY7kJA8aa3RpCnvy7UoU7hBz65s1nUXcqAfomo,paper,closed,0.02376,1.35389674293463e-7,1781904556853,2.17111292857807e-7,1781904824742,trailing_stop,0.00986126091849253,0
paper-2WhtDtUxWtJFS71PKuozvTKqmdfUatH2dhiu8G4Lpump-1781900059536,HELM,2WhtDtUxWtJFS71PKuozvTKqmdfUatH2dhiu8G4Lpump,paper,closed,0.02376,2.89232037842997e-7,1781900059536,2.95187105822652e-7,1781900079804,trailing_stop,-0.00014234026836547,0
paper-DTHfJ9MVDx7Vq3ohV6oAy8BFpovCF7oEBvPonScmfomo-1781895347236,Kinovi,DTHfJ9MVDx7Vq3ohV6oAy8BFpovCF7oEBvPonScmfomo,paper,closed,0.02376,1.95200823243476e-7,1781895347236,2.50345912430696e-8,1781895362873,hard_stop,-0.0207921309446963,0
paper-96GjV6YmD6gPtyikgcKfCvba4dRv6VwRmEBuycXkpump-1781894776472,CHROMEBOY,96GjV6YmD6gPtyikgcKfCvba4dRv6VwRmEBuycXkpump,paper,closed,0.02376,1.71529438753417e-7,1781894776472,1.49353364904619e-7,1781894806751,trailing_stop,-0.00361059525030406,0
paper-F3FwvuZEX51rNRbFvaFTzxobwycJ3WaRZGiMQkmnpump-1781890352115,CHESS,F3FwvuZEX51rNRbFvaFTzxobwycJ3WaRZGiMQkmnpump,paper,closed,0.02376,1.7894237585813e-7,1781890352115,1.53219235064959e-7,1781890395960,trailing_stop,-0.00394537003612632,0
paper-92JjBgVFpeYSMjwChtxsTmD8VogTVuLsv8VWCzBtfomo-1781886918272,Instant,92JjBgVFpeYSMjwChtxsTmD8VogTVuLsv8VWCzBtfomo,paper,closed,0.02376,1.68525274342343e-7,1781886918272,2.228461884411e-7,1781887143384,trailing_stop,0.00703409801217693,0
paper-EuNqbtTvbKWb2nGpFEQaqa7bp5X4Nek4EZ4hS7oTpump-1781884021814,RATS ,EuNqbtTvbKWb2nGpFEQaqa7bp5X4Nek4EZ4hS7oTpump,paper,closed,0.02376,1.56351754034497e-7,1781884021814,1.63053025960046e-7,1781884218791,trailing_stop,0.000373037122910085,0
paper-7yVbC1eKmyxSe4rEauwdtSqhC8jUDF4jC2kFqkVipump-1781883016276,WOT,7yVbC1eKmyxSe4rEauwdtSqhC8jUDF4jC2kFqkVipump,paper,closed,0.02376,1.23151763917659e-7,1781883016276,1.01431222796609e-7,1781883166589,trailing_stop,0.00257061163440301,0
paper-GhUXkqZ7RxqZVmvpvtQS6bdkz3wB6YJafMM7G7hhpump-1781875697637,SOLMASK,GhUXkqZ7RxqZVmvpvtQS6bdkz3wB6YJafMM7G7hhpump,paper,closed,0.02376,1.68507231979863e-7,1781875697637,1.72447000915386e-7,1781875885029,trailing_stop,-0.0000777491512055674,0
paper-8CAt6bpDKZvLxENkbU5bUaYiEtwMfy4kNQ87dSacpump-1781874317064,LAMBO,8CAt6bpDKZvLxENkbU5bUaYiEtwMfy4kNQ87dSacpump,paper,closed,0.02376,1.5438544780381e-7,1781874317064,1.61373164209319e-7,1781874450671,trailing_stop,0.000428605342818595,0
paper-FaPpiuzWZULbCKeh4u2fPHJVtMQ8sCfHT2ehTgyZpump-1781871467745,MPC,FaPpiuzWZULbCKeh4u2fPHJVtMQ8sCfHT2ehTgyZpump,paper,closed,0.02376,1.53544422571423e-7,1781871467745,1.60352415435329e-7,1781871532005,trailing_stop,0.000407255664046861,0
paper-DoRhQenhqNC9K1DBDCmPNHniPsSoE2oyk7zyUjP2pump-1781869787752,NOK,DoRhQenhqNC9K1DBDCmPNHniPsSoE2oyk7zyUjP2pump,paper,closed,0.02376,1.80756794972851e-7,1781869787752,2.09750297200429e-7,1781870003618,trailing_stop,0.00606034952989831,0
paper-7xv3o5bb4zcwvaCdyFToziqt7f3KVBHrL9CKUDDKpump-1781868332077,MOAI,7xv3o5bb4zcwvaCdyFToziqt7f3KVBHrL9CKUDDKpump,paper,closed,0.02376,1.82643087145972e-7,1781868332077,1.53474750097531e-7,1781868371244,trailing_stop,-0.00431447954557147,0
paper-261j6kNbbLSyz1kc24qgUYWcTnUsRhb1DbwAsvoepump-1781854712545,PURR,261j6kNbbLSyz1kc24qgUYWcTnUsRhb1DbwAsvoepump,paper,closed,0.02376,2.53710226715302e-7,1781854712545,2.77565986258446e-7,1781854904738,trailing_stop,0.00155711111673746,0
paper-5crpmGB6srMuBhDDdHdPXFtmYPeP39etanwwvUhMpump-1781847558467,Pepetti,5crpmGB6srMuBhDDdHdPXFtmYPeP39etanwwvUhMpump,paper,closed,0.02376,3.04200009326801e-7,1781847558467,4.51355326180931e-7,1781847620323,trailing_stop,0.0135668957578436,0
paper-HgxF4t3vvpvNAA9M1w8rv199mn5GHQYrgGDab5N9pump-1781845095025,Sloomi,HgxF4t3vvpvNAA9M1w8rv199mn5GHQYrgGDab5N9pump,paper,closed,0.02376,2.81495454325646e-7,1781845095025,2.32321090899033e-7,1781845103449,trailing_stop,-0.00466132985773442,0
paper-5iPJApSBeBuRtBQtBdTZT16mmpVWcvozTJosHGCjpump-1781844225293,QDROID,5iPJApSBeBuRtBQtBdTZT16mmpVWcvozTJosHGCjpump,paper,closed,0.02376,2.42441919740134e-7,1781844225293,2.29023190081199e-7,1781844277214,trailing_stop,-0.00189962431914491,0
paper-pQ7VeXJGCE8LEBLUUoLGFqiLNJJfJH6Pj2vRPj8pump-1781839158077,GWF,pQ7VeXJGCE8LEBLUUoLGFqiLNJJfJH6Pj2vRPj8pump,paper,closed,0.02376,3.10842501886086e-7,1781839158077,3.17790108849691e-7,1781839381521,trailing_stop,-0.00010157355480462,0
paper-7C6uJoLoPHWcC4PcLXBrAFJmzzYUvG5EhLwvzWtSpump-1781834266022,LOOM,7C6uJoLoPHWcC4PcLXBrAFJmzzYUvG5EhLwvzWtSpump,paper,closed,0.02376,1.42817591128384e-7,1781834266022,1.08298095682575e-7,1781834285814,hard_stop,-0.00621210641063998,0
paper-4ofenvShFxs41ySNkDN2pTdXJ2YvepnKSJ2bhQPvpump-1781833485633,FROGGO,4ofenvShFxs41ySNkDN2pTdXJ2YvepnKSJ2bhQPvpump,paper,closed,0.02376,1.44800705859314e-7,1781833485633,1.95274022297453e-7,1781833965761,time_stop,0.00737591844333531,0
paper-77dAJPkLEXeYMyekgo1fDqXGH29Nt2x5gzruTkHHpump-1781829691292,KUMORI,77dAJPkLEXeYMyekgo1fDqXGH29Nt2x5gzruTkHHpump,paper,closed,0.02376,2.7612249863321e-7,1781829691292,2.3960159620205e-8,1781829698679,hard_stop,-0.0217519533955123,0
paper-GdvX77jHPhRmYNMw3rjSbheUkJPEp5MamSC1CPn8pump-1781828806792,ERROR,GdvX77jHPhRmYNMw3rjSbheUkJPEp5MamSC1CPn8pump,paper,closed,0.02376,3.08671973695247e-7,1781828806792,2.55308213448212e-7,1781828894459,trailing_stop,-0.00461949184722258,0
paper-AHRLbSdsMYdW6wcwBas5SgUkVq5GKgtz1pkqfLjCpump-1781826271027,luck,AHRLbSdsMYdW6wcwBas5SgUkVq5GKgtz1pkqfLjCpump,paper,closed,0.02376,2.73844961920382e-7,1781826271027,2.89996393678907e-7,1781826365820,trailing_stop,0.00507882204301027,0
paper-9DE6jYP1uBrt8EwYj2ErTtCSNCLz2rvAzqkA7czxpump-1781820542553,TURBO,9DE6jYP1uBrt8EwYj2ErTtCSNCLz2rvAzqkA7czxpump,paper,closed,0.02376,2.80206856290608e-7,1781820542553,4.54206745484063e-7,1781820888542,trailing_stop,0.00991148268510396,0
paper-3MuboDr1XiSNVz4UuqQEV1eNyFpDxikK3g3eEdPLpump-1781725823514,NUT,3MuboDr1XiSNVz4UuqQEV1eNyFpDxikK3g3eEdPLpump,paper,closed,0.02376,1.8183142205804e-7,1781725823514,2.67584257873347e-7,1781726270132,trailing_stop,0.0135642644672589,0
paper-8P3z2LNkdVMANNGZxM4CiA2dSDbmRqcWcw97go6Cpump-1781711483342,TOWER,8P3z2LNkdVMANNGZxM4CiA2dSDbmRqcWcw97go6Cpump,paper,closed,0.02376,1.62742566231162e-7,1781711483342,1.51170476722372e-7,1781712213530,trailing_stop,-0.0022642947463494,0
paper-4gGGBL1F28FjhmDFmi3TDgYH7wn1o7Yn1WNceLL5pump-1781688110307,BINKO,4gGGBL1F28FjhmDFmi3TDgYH7wn1o7Yn1WNceLL5pump,paper,closed,0.02376,1.75295024732959e-7,1781688110307,4.22938395687969e-8,1781688165998,hard_stop,-0.0181766686891404,0
paper-2fHqck8fyk9NciRWvRHCnNqLjBbz3n1tjNEoSzhapump-1781669601142,X,2fHqck8fyk9NciRWvRHCnNqLjBbz3n1tjNEoSzhapump,paper,closed,0.02376,1.88359063482423e-7,1781669601142,1.13119057894512e-7,1781669640222,hard_stop,-0.00986254959781778,0
paper-rSRrNohFtSiEjhdcVcJTNbx6RMbczLt7EPaVQZtpump-1781665354220,X,rSRrNohFtSiEjhdcVcJTNbx6RMbczLt7EPaVQZtpump,paper,closed,0.02376,1.51304913211249e-7,1781665354220,1.04217085755983e-7,1781665498468,trailing_stop,-0.00782060732787195,0
paper-DaFBv5dXirm6Mp7cpYoqRUs5u8qA6Sk3ZxJzFSGXpump-1781665296227,WIFERROR,DaFBv5dXirm6Mp7cpYoqRUs5u8qA6Sk3ZxJzFSGXpump,paper,closed,0.02376,2.37019578595869e-7,1781665296227,2.29955196630127e-8,1781665388440,hard_stop,-0.0215148524776806,0
paper-BzcAzzqqAd6r2CmXiDJVc3KKvGSfkKEDxuEzaPbEpump-1781663151120,bob,BzcAzzqqAd6r2CmXiDJVc3KKvGSfkKEDxuEzaPbEpump,paper,closed,0.02376,1.85633533836801e-7,1781663151120,2.03215447174271e-8,1781663647792,hard_stop,-0.00255942448680082,0
paper-GwwXmFiyAVZVaT76aKDxUPfzZZ2PhTCF7GqUfPbkpump-1781652814822,FR,GwwXmFiyAVZVaT76aKDxUPfzZZ2PhTCF7GqUfPbkpump,paper,closed,0.02376,1.92147205609122e-7,1781652814822,1.30142349147764e-7,1781653033840,trailing_stop,-0.00808633917026762,0
paper-aH74xQD1VTEwA9ZZxBZSZPijfYdyiHgQebDbCWkpump-1781645749633,KAUFM,aH74xQD1VTEwA9ZZxBZSZPijfYdyiHgQebDbCWkpump,paper,closed,0.02376,2.2179379781669e-7,1781645749633,2.06163384332178e-7,1781646071547,trailing_stop,-0.00224962344090943,0
paper-CjUsokpKJ2js9eNm8fCbiktKVTqLKAx14AmPjdKbpump-1781642239316,MEMEOPOLY,CjUsokpKJ2js9eNm8fCbiktKVTqLKAx14AmPjdKbpump,paper,closed,0.02376,1.57125957606106e-7,1781642239316,1.18497638606537e-7,1781642684425,trailing_stop,-0.00630790235617298,0
paper-F6yUmmjU3y716dQsy2xV6YzSaPLrfTfgBzoF7Cnmpump-1781629116355,SOLT,F6yUmmjU3y716dQsy2xV6YzSaPLrfTfgBzoF7Cnmpump,paper,closed,0.02376,2.35374050102663e-7,1781629116355,2.87664680454972e-7,1781629671838,trailing_stop,0.00452224224565558,0
paper-FHx7FSJpJqJXFxQGZPaguNyRxywdiBFFsiwu3BZccHAY-1781627839338,CRAFTS,FHx7FSJpJqJXFxQGZPaguNyRxywdiBFFsiwu3BZccHAY,paper,closed,0.02376,2.61550446301829e-7,1781627839338,1.60637568642166e-7,1781628405473,hard_stop,-0.00954726912523688,0
paper-GFcYcybmCQwx1yj6dQ3i5CMBM1hJvCtjtpatDGijpump-1781620609776,ミニ,GFcYcybmCQwx1yj6dQ3i5CMBM1hJvCtjtpatDGijpump,paper,closed,0.02376,2.54323591395774e-7,1781620609776,2.30824560302481e-7,1781620716924,trailing_stop,-0.00275700422773865,0
paper-D8bmt1ZNv1sZyi9Y6rXcX1Wo5WcpqzEVVxGUv3okpump-1781597554294,Loria,D8bmt1ZNv1sZyi9Y6rXcX1Wo5WcpqzEVVxGUv3okpump,paper,closed,0.02376,1.56607450753078e-7,1781597554294,1.69886371636335e-7,1781597952098,trailing_stop,0.00134336822677305,0
paper-6jsM4aqkQSndHWGKe4cp14dRbMqQAvEgmHYW7ZRzpump-1781596699264,NPC,6jsM4aqkQSndHWGKe4cp14dRbMqQAvEgmHYW7ZRzpump,paper,closed,0.02376,2.20716677779415e-7,1781596699264,1.4950013378574e-7,1781596727574,trailing_stop,-0.00808555015430179,0
paper-D8tEtNsbygEd2c6KYzYaPGwECX1UY4mXnaJtZRDtpump-1781594867265,LOSTBOY,D8tEtNsbygEd2c6KYzYaPGwECX1UY4mXnaJtZRDtpump,paper,closed,0.02376,1.40634868574972e-7,1781594867265,4.19033467796246e-7,1781595929297,trailing_stop,0.03583586270541,0
paper-8pejFwukVn34rZzYarHD7qDV7pcXWviQzbwmnn1Ypump-1781584817817,GROW,8pejFwukVn34rZzYarHD7qDV7pcXWviQzbwmnn1Ypump,paper,closed,0.02376,1.76289864435705e-7,1781584817817,2.89546933165237e-7,1781585203066,trailing_stop,0.0152616824434053,0
paper-DTqKRdZppNhTXMuDUMW36aw1F5thvURs5vCePbz5pump-1781577546675,Money,DTqKRdZppNhTXMuDUMW36aw1F5thvURs5vCePbz5pump,paper,closed,0.02376,1.3036471555117e-7,1781577546675,5.57148328346197e-8,1781577848251,hard_stop,-0.0138699919242609,0
paper-3RqNpZZM7r2FGpksU1KHF3rYwPpK7GH62Bofgtrfpump-1781574077582,Whiteman,3RqNpZZM7r2FGpksU1KHF3rYwPpK7GH62Bofgtrfpump,paper,closed,0.02376,2.64129367315536e-7,1781574077582,1.78610634152897e-7,1781574238904,trailing_stop,-0.00811136369322642,0
paper-Cgbf2kCYpZL5EXjdj2QRvmjPbSgimmuDmzF3TjwY83je-1781572592867,Corgi,Cgbf2kCYpZL5EXjdj2QRvmjPbSgimmuDmzF3TjwY83je,paper,closed,0.02376,1.51222409391636e-7,1781572592867,2.15645433397708e-7,1781572706306,trailing_stop,0.0142888487003613,0
paper-4ZjEZEjt1P2JTbmv4HmQ8SpNFpcEXXSq8gk9GQSEpump-1781563711212,1080p,4ZjEZEjt1P2JTbmv4HmQ8SpNFpcEXXSq8gk9GQSEpump,paper,closed,0.02376,2.44603669242461e-7,1781563711212,1.26436447863907e-7,1781563905014,hard_stop,-0.011798236971793,0
paper-21ZmcujEBrfkSLcVLn9t9Vesu97ZeKkNPnQ6JcTopump-1781558027145,$BLOCK,21ZmcujEBrfkSLcVLn9t9Vesu97ZeKkNPnQ6JcTopump,paper,closed,0.02376,1.94369498614177e-7,1781558027145,1.6162945728125e-7,1781560727897,time_stop,-0.00451675646896969,0
paper-UAeXU2adRXYmakn4UbHNxSmKd9trzz9AchiqbK8pump-1781552670815,LatinoButt,UAeXU2adRXYmakn4UbHNxSmKd9trzz9AchiqbK8pump,paper,closed,0.02376,1.59622381670956e-7,1781552670815,1.81319513964691e-7,1781553571489,trailing_stop,0.00252673430778144,0
paper-9c7Dgnspy3c6C5mtoRYFKsYpJaG4npcoP5fRRJjiWiLL-1781542680539,will,9c7Dgnspy3c6C5mtoRYFKsYpJaG4npcoP5fRRJjiWiLL,paper,closed,0.02376,2.23993345555786e-7,1781542680539,1.49900831020538e-7,1781542745837,trailing_stop,-0.00827344569096343,0
paper-D664MthKpwDS4AS1fZs8RUYxcHndYX77uPVtsQUgyHad-1781535601146,solana,D664MthKpwDS4AS1fZs8RUYxcHndYX77uPVtsQUgyHad,paper,closed,0.02376,2.22785843924366e-7,1781535601146,2.13659145312769e-7,1781535683551,trailing_stop,-0.00156680798017669,0
paper-4bKZEJRQDnF9c8FPhbP8gryoq6gfervGryg3oBxBpump-1781535511235,TOLYBOT,4bKZEJRQDnF9c8FPhbP8gryoq6gfervGryg3oBxBpump,paper,closed,0.02376,2.85640553199546e-7,1781535511235,1.82705919899115e-7,1781535525524,trailing_stop,-0.00895806033768696,0
paper-84pxM65G3sRyCY7su8s9WCiCU3DiV9nHpbx9u3Wqpump-1781534535435,CLOUD,84pxM65G3sRyCY7su8s9WCiCU3DiV9nHpbx9u3Wqpump,paper,closed,0.02376,2.21450162401452e-7,1781534535435,3.23889304701517e-7,1781534893333,trailing_stop,0.0160834887905136,0
paper-6D8XQvpWcPiMeXdvjYbquy5ei331gWnM5fQjpqkopump-1781532781752,SHIBAO,6D8XQvpWcPiMeXdvjYbquy5ei331gWnM5fQjpqkopump,paper,closed,0.02376,2.51179276924033e-7,1781532781752,2.54269187793609e-7,1781533342793,trailing_stop,-0.000334125856930986,0
paper-2a35LaGkdVuxjM18Y7FHXbZg9BmeTEVTauSoyu1Vpump-1781527365126,GNECK,2a35LaGkdVuxjM18Y7FHXbZg9BmeTEVTauSoyu1Vpump,paper,closed,0.02376,1.33799813041658e-7,1781527365126,2.71784823606191e-8,1781527552852,hard_stop,-0.0190593753750034,0
paper-2qpQJKffQhEgVpHr99K6V1YHJ8sYNvgSFSa5Anrapump-1781516596414,SHIB,2qpQJKffQhEgVpHr99K6V1YHJ8sYNvgSFSa5Anrapump,paper,closed,0.02376,3.43958879272215e-7,1781516596414,2.4796960101271e-7,1781517038787,trailing_stop,-0.00707686001798511,0
paper-EHy75ASA9Q876xVzyKwi5PoBTcsehs8UTSAADD5Gpump-1781513477086,LONGDOG,EHy75ASA9Q876xVzyKwi5PoBTcsehs8UTSAADD5Gpump,paper,closed,0.02376,1.88064506703386e-7,1781513477086,1.07262970006055e-7,1781513657384,hard_stop,-0.0105613699925898,0
paper-ADjjViYywxoZovwPVgf39NzxuiHkVVmHYNWpkoHrpump-1781497170777,Bull,ADjjViYywxoZovwPVgf39NzxuiHkVVmHYNWpkoHrpump,paper,closed,0.02376,3.26390338749975e-7,1781497170777,2.02792151752254e-7,1781497242313,trailing_stop,-0.00938195878682509,0
paper-9yp6nCYMwoh2Vb3CRA1dqUUZMNwfSgMV8Saj86GYpump-1781494964536,DUELZ,9yp6nCYMwoh2Vb3CRA1dqUUZMNwfSgMV8Saj86GYpump,paper,closed,0.02376,1.61268306403488e-7,1781494964536,1.13555026926688e-7,1781495013376,trailing_stop,-0.00746541833222202,0
paper-Fp6m1xcr1uaFJWRTyaB5JkeFcr8RAQDXvfKhMKJXpump-1781489639002,$GLITCH,Fp6m1xcr1uaFJWRTyaB5JkeFcr8RAQDXvfKhMKJXpump,paper,closed,0.02376,2.01043696948235e-7,1781489639002,1.71335850336035e-7,1781491515980,trailing_stop,-0.00403833132805376,0
paper-HLzJbyvsJBvTNXnDF486NFu9yJs8RqPKH8C32uzYpump-1781483894106,VORTX,HLzJbyvsJBvTNXnDF486NFu9yJs8RqPKH8C32uzYpump,paper,closed,0.02376,3.61220603442359e-7,1781483894106,2.61729603759354e-7,1781483978974,trailing_stop,-0.00699258128468728,0
paper-61YnqhhrYgj5ahW52U4mGYuzokYvAATCLBxtgoYNpump-1781466163238,NCS,61YnqhhrYgj5ahW52U4mGYuzokYvAATCLBxtgoYNpump,paper,closed,0.02376,2.15556645566624e-7,1781466163238,2.33647216210598e-7,1781466502612,trailing_stop,0.00132332297322526,0
paper-CmFLTZfo9u7eCrD1Z7rcpPrShDq7XeAhA7EPmBgVpump-1781465338086,NUMB,CmFLTZfo9u7eCrD1Z7rcpPrShDq7XeAhA7EPmBgVpump,paper,closed,0.02376,2.49104450909816e-7,1781465338086,6.19101859441063e-7,1781466310552,trailing_stop,0.0251935164997093,0
paper-CifrqjUZkME94YQNUafKgz7fBn2ANdZ5HGCeifbypump-1781458551650,LAZY,CifrqjUZkME94YQNUafKgz7fBn2ANdZ5HGCeifbypump,paper,closed,0.02376,2.92018396543331e-7,1781458551650,1.77466342355233e-7,1781458954810,hard_stop,-0.00969655683914582,0
